{"version":"0.4","title":"LANDING PAGE","type":"page","content":[{"id":"4a469e57","settings":{"structure":"40"},"elements":[{"id":"54e2dde6","settings":{"_column_size":25,"_inline_size":null},"elements":[{"id":"7801f962","settings":{"title":"ORDER BY 4PM FOR NEXT DAY DELIVERY","header_size":"h5","align":"left","title_color":"#030303","typography_typography":"custom","typography_font_family":"Roboto Slab","typography_font_weight":"600"},"elements":[],"isInner":false,"widgetType":"heading","elType":"widget"}],"isInner":false,"elType":"column"},{"id":"5dae1196","settings":{"_column_size":25,"_inline_size":null},"elements":[{"id":"58c47750","settings":{"title":"FOR SPECIAL ORDERS CALL 9876543222","header_size":"h5","align":"left","title_color":"#070707","typography_typography":"custom","typography_font_family":"Roboto Slab","typography_font_weight":"600"},"elements":[],"isInner":false,"widgetType":"heading","elType":"widget"}],"isInner":false,"elType":"column"},{"id":"1c6d7933","settings":{"_column_size":25,"_inline_size":null},"elements":[{"id":"57ab171f","settings":{"title":"OVER 40 CUPCAKE FLAVOURS","header_size":"h5","align":"left","title_color":"#060606","typography_typography":"custom","typography_font_family":"Roboto Slab","typography_font_weight":"600"},"elements":[],"isInner":false,"widgetType":"heading","elType":"widget"}],"isInner":false,"elType":"column"},{"id":"4f61fa51","settings":{"_column_size":25,"_inline_size":null},"elements":[{"id":"75b62026","settings":{"title":"NATIONALWIDE DELIVERY ALL OVER INDIA","header_size":"h5","align":"left","title_color":"#101010","typography_typography":"custom","typography_font_family":"Roboto Slab","typography_font_weight":"600"},"elements":[],"isInner":false,"widgetType":"heading","elType":"widget"}],"isInner":false,"elType":"column"}],"isInner":false,"elType":"section"},{"id":"54296801","settings":[],"elements":[{"id":"52c9035a","settings":{"_column_size":100,"_inline_size":null},"elements":[{"id":"4c9f5522","settings":{"editor":"<h3>\u00a0 \u00a0 \u00a0 \u00a0 \u00a0 \u00a0 \u00a0 \u00a0 \u00a0 \u00a0 \u00a0 \u00a0 \u00a0 \u00a0 \u00a0 \u00a0 \u00a0DELICIOUSLY FRESH CUPCAKES, DELIVERED NATIONWIDE<\/h3><p>\u00a0 \u00a0 \u00a0 \u00a0 \u00a0 \u00a0 \u00a0 \u00a0 \u00a0 \u00a0 \u00a0 \u00a0 \u00a0 \u00a0 \u00a0 \u00a0<em>Choose from a selection of over 40 flavours as well as photo cupcakes or message cupcakes. Order by 4pm for next day delivery.<\/em><\/p>"},"elements":[],"isInner":false,"widgetType":"text-editor","elType":"widget"}],"isInner":false,"elType":"column"}],"isInner":false,"elType":"section"},{"id":"32f90b06","settings":{"section_layout":"","content_width":{"unit":"px","size":"777"},"height":"min-height","custom_height":{"unit":"px","size":"0"},"content_position":"middle","section_style":"","background_background":"classic","background_color":"#ffffff","background_image":{"id":"47","url":"http:\/\/127.0.0.1\/wordpress\/wp-content\/uploads\/2021\/01\/foodiesfeed.com_meanwhile-in-the-kitchen-1.jpg"},"background_position":"center center","background_repeat":"no-repeat","background_size":"cover","section_typo":"","section_advanced":"","padding":{"unit":"px","top":"200","right":"0","bottom":"200","left":"0","isLinked":""},"_section_responsive":"","responsive_description":"","section_structure":"","section_background":"","background_overlay_title":"","background_overlay_background":"classic","background_overlay_color":"#000000","background_overlay_opacity":{"unit":"px","size":"0.6"},"section_border":"","box_shadow_box_shadow":{"horizontal":"0","vertical":"0","blur":"10","spread":"0","inset":"","color":"rgba(0,0,0,0.5)"},"heading_visibility":"","_title":"hero section"},"elements":[{"id":"2425578e","settings":{"_column_size":"100","section_style":"","section_typo":"","section_advanced":"","section_responsive":"","screen_sm":"default","screen_sm_width":"100","screen_xs":"default","screen_xs_width":"100","box_shadow_box_shadow":{"horizontal":"0","vertical":"0","blur":"10","spread":"0","inset":"","color":"rgba(0,0,0,0.5)"}},"elements":[],"isInner":"","elType":"column"}],"isInner":"","elType":"section"},{"id":"5822a5ac","settings":{"section_layout":"","content_width":{"unit":"px","size":"940"},"custom_height":{"unit":"px","size":"400"},"content_position":"middle","section_style":"","section_typo":"","section_advanced":"","padding":{"unit":"px","top":"100","right":"0","bottom":"100","left":"0","isLinked":""},"_section_responsive":"","responsive_description":"","section_structure":"","structure":"20","section_background":"","background_overlay_title":"","background_overlay_opacity":{"unit":"px","size":"0.5"},"section_border":"","box_shadow_box_shadow":{"horizontal":"0","vertical":"0","blur":"10","spread":"0","inset":"","color":"rgba(0,0,0,0.5)"},"heading_visibility":"","_title":"our sweets1"},"elements":[{"id":"196378ac","settings":{"_column_size":"50","section_style":"","section_typo":"","section_advanced":"","padding":{"unit":"px","top":"0","right":"80","bottom":"0","left":"0","isLinked":""},"section_responsive":"","screen_sm":"default","screen_sm_width":"100","screen_xs":"default","screen_xs_width":"100","box_shadow_box_shadow":{"horizontal":"0","vertical":"0","blur":"10","spread":"0","inset":"","color":"rgba(0,0,0,0.5)"},"padding_tablet":{"unit":"px","top":"0","right":"16","bottom":"0","left":"50","isLinked":""},"padding_mobile":{"unit":"px","top":"0","right":"20","bottom":"0","left":"20","isLinked":""}},"elements":[{"id":"1cf616b2","settings":{"section_title":"","title":"Our CUPCAKES","link":{"is_external":"","url":""},"size":"large","section_title_style":"","title_color":"#dfc15e","typography_typography":"custom","typography_font_size":{"unit":"px","size":"54"},"typography_font_family":"Ovo","typography_text_transform":"uppercase","typography_line_height":{"unit":"em","size":""},"typography_letter_spacing":{"unit":"px","size":"-2"},"_section_style":"","_section_responsive":"","responsive_description":"","_section_background":"","_box_shadow_box_shadow":{"horizontal":"0","vertical":"0","blur":"10","spread":"0","inset":"","color":"rgba(0,0,0,0.5)"},"align_mobile":"center","typography_font_size_tablet":{"unit":"px","size":"45"},"typography_font_size_mobile":{"unit":"px","size":"32"},"typography_line_height_tablet":{"unit":"em","size":""},"typography_line_height_mobile":{"unit":"em","size":""},"typography_letter_spacing_tablet":{"unit":"px","size":""},"typography_letter_spacing_mobile":{"unit":"px","size":""}},"elements":[],"isInner":false,"widgetType":"heading","elType":"widget"},{"id":"c5fefb8","settings":{"section_editor":"","editor":"<p>A yummy alternative to flowers, we deliver luxury cupcakes.Not only do we offer a gift that is a little different \u2013 the way we do it is pretty special too. Our cupcakes are sold in gift boxes of 6 and 12, each box includes a gift message and is tied with a ribbon. Orders placed by 4pm can be delivered next day (Tuesday to Saturday). All orders are delivered by fragile courier service; fully trackable and the fastest way to get your gift to it\u2019s destination.<\/p>","section_style":"","text_color":"#a3a3a3","typography_font_size":{"unit":"px","size":"15"},"typography_line_height":{"unit":"em","size":""},"typography_letter_spacing":{"unit":"px","size":""},"_section_style":"","_section_responsive":"","responsive_description":"","_section_background":"","_box_shadow_box_shadow":{"horizontal":"0","vertical":"0","blur":"10","spread":"0","inset":"","color":"rgba(0,0,0,0.5)"},"align_mobile":"center","typography_font_size_tablet":{"unit":"px","size":""},"typography_font_size_mobile":{"unit":"px","size":""},"typography_line_height_tablet":{"unit":"em","size":""},"typography_line_height_mobile":{"unit":"em","size":""},"typography_letter_spacing_tablet":{"unit":"px","size":""},"typography_letter_spacing_mobile":{"unit":"px","size":""},"_padding_mobile":{"unit":"px","top":"0","right":"0","bottom":"20","left":"0","isLinked":""}},"elements":[],"isInner":false,"widgetType":"text-editor","elType":"widget"}],"isInner":"","elType":"column"},{"id":"365e5eec","settings":{"_column_size":"50","section_style":"","section_typo":"","section_advanced":"","section_responsive":"","screen_sm":"custom","screen_sm_width":"100","screen_xs":"default","screen_xs_width":"100","box_shadow_box_shadow":{"horizontal":"0","vertical":"0","blur":"10","spread":"0","inset":"","color":"rgba(0,0,0,0.5)"},"padding_tablet":{"unit":"%","top":"0","right":"10","bottom":"0","left":"3","isLinked":""},"padding_mobile":{"unit":"%","top":"0","right":"6","bottom":"0","left":"6","isLinked":""}},"elements":[{"id":"cd0a9ff","settings":{"wp_gallery":[{"id":216,"url":"http:\/\/127.0.0.1\/wordpress\/wp-content\/uploads\/2021\/01\/in-the-pink-cupcakes-close-270x270-2.jpg"},{"id":217,"url":"http:\/\/127.0.0.1\/wordpress\/wp-content\/uploads\/2021\/01\/chocolate-christmas-cupcakes1-270x270-2.jpg"},{"id":218,"url":"http:\/\/127.0.0.1\/wordpress\/wp-content\/uploads\/2021\/01\/Spooky-Sprinkles-Zoom-1-270x270-2.jpg"},{"id":219,"url":"http:\/\/127.0.0.1\/wordpress\/wp-content\/uploads\/2021\/01\/Ghosts_Bats_Pumpkins_Cupcakes_12_1-270x270-2.jpg"},{"id":220,"url":"http:\/\/127.0.0.1\/wordpress\/wp-content\/uploads\/2021\/01\/retro-cupcakes-cupcakes-270x270-2.jpg"},{"id":221,"url":"http:\/\/127.0.0.1\/wordpress\/wp-content\/uploads\/2021\/01\/happy-fathers-day-cupcakes-270x270-2.jpg"}],"thumbnail_size":"full","gallery_columns":"3","image_spacing":"custom","image_spacing_custom":{"unit":"px","size":"20","sizes":[]}},"elements":[],"isInner":false,"widgetType":"image-gallery","elType":"widget"}],"isInner":"","elType":"column"}],"isInner":"","elType":"section"},{"id":"f280efc","settings":{"section_layout":"","content_width":{"unit":"px","size":"940"},"height":"min-height","custom_height":{"unit":"px","size":"500"},"content_position":"middle","section_style":"","background_background":"classic","background_color":"#3a3a3a","background_position":"center center","background_repeat":"no-repeat","background_size":"cover","section_typo":"","text_align":"center","section_advanced":"","_section_responsive":"","responsive_description":"","section_structure":"","section_background":"","background_overlay_title":"","background_overlay_opacity":{"unit":"px","size":"0.5"},"section_border":"","box_shadow_box_shadow":{"horizontal":"0","vertical":"0","blur":"10","spread":"0","inset":"","color":"rgba(0,0,0,0.5)"},"padding_tablet":{"unit":"px","top":"30","right":"0","bottom":"30","left":"0","isLinked":""},"padding_mobile":{"unit":"px","top":"70","right":"0","bottom":"70","left":"0","isLinked":""},"heading_visibility":"","_title":"testimonials"},"elements":[{"id":"431c44d","settings":{"_column_size":"100","section_style":"","section_typo":"","section_advanced":"","section_responsive":"","screen_sm":"default","screen_sm_width":"100","screen_xs":"default","screen_xs_width":"100","box_shadow_box_shadow":{"horizontal":"0","vertical":"0","blur":"10","spread":"0","inset":"","color":"rgba(0,0,0,0.5)"},"padding_tablet":{"unit":"px","top":"0","right":"50","bottom":"0","left":"50","isLinked":""},"padding_mobile":{"unit":"px","top":"0","right":"30","bottom":"0","left":"30","isLinked":""}},"elements":[{"id":"30da4708","settings":{"section_title":"","title":"\u201cDELIGHT IN EVERY BITE\u201d","link":{"is_external":"","url":""},"size":"large","align":"center","section_title_style":"","title_color":"#dfc15e","typography_typography":"custom","typography_font_size":{"unit":"px","size":"50"},"typography_font_family":"Shadows Into Light","typography_line_height":{"unit":"em","size":""},"typography_letter_spacing":{"unit":"px","size":""},"_section_style":"","_section_responsive":"","responsive_description":"","_section_background":"","_box_shadow_box_shadow":{"horizontal":"0","vertical":"0","blur":"10","spread":"0","inset":"","color":"rgba(0,0,0,0.5)"},"typography_font_size_tablet":{"unit":"px","size":""},"typography_font_size_mobile":{"unit":"px","size":""},"typography_line_height_tablet":{"unit":"em","size":""},"typography_line_height_mobile":{"unit":"em","size":""},"typography_letter_spacing_tablet":{"unit":"px","size":""},"typography_letter_spacing_mobile":{"unit":"px","size":""},"_padding_mobile":{"unit":"px","top":"0","right":"0","bottom":"0","left":"0","isLinked":""}},"elements":[],"isInner":false,"widgetType":"heading","elType":"widget"},{"id":"15ac378c","settings":{"section_spacer":"","space":{"unit":"px","size":"10"},"_section_style":"","_section_background":"","_box_shadow_box_shadow":{"horizontal":"0","vertical":"0","blur":"10","spread":"0","inset":"","color":"rgba(0,0,0,0.5)"},"_section_responsive":"","responsive_description":""},"elements":[],"isInner":false,"widgetType":"spacer","elType":"widget"},{"id":"7b4f9be6","settings":{"section_testimonial":"","testimonial_content":"We create beautiful and delicious corporate branded cupcakes that are ideal for use as corporate gifts, for events and exhibitions, product launches, engagement campaigns, sales pitches, in-house celebrations and in-store promotions. With quick turnaround times and expert efficiency, Vidya's Kitchen is your cupcake creative agency!","testimonial_image":{"id":"","url":""},"testimonial_name":"","testimonial_job":"","testimonial_image_position":"top","section_style_testimonial_content":"","content_content_color":"#bababa","content_typography_typography":"custom","content_typography_font_size":{"unit":"px","size":"17"},"content_typography_line_height":{"unit":"em","size":"1.6"},"content_typography_letter_spacing":{"unit":"px","size":""},"section_style_testimonial_image":"","image_size":{"unit":"px","size":"70"},"section_style_testimonial_name":"","name_text_color":"#dfc15e","name_typography_typography":"custom","name_typography_font_size":{"unit":"px","size":"18"},"name_typography_font_family":"Ovo","name_typography_text_transform":"uppercase","name_typography_line_height":{"unit":"em","size":""},"name_typography_letter_spacing":{"unit":"px","size":"9"},"section_style_testimonial_job":"","job_typography_font_size":{"unit":"px","size":"15"},"job_typography_line_height":{"unit":"em","size":""},"job_typography_letter_spacing":{"unit":"px","size":""},"_section_style":"","_section_background":"","_box_shadow_box_shadow":{"horizontal":"0","vertical":"0","blur":"10","spread":"0","inset":"","color":"rgba(0,0,0,0.5)"},"_section_responsive":"","responsive_description":"","content_typography_font_size_tablet":{"unit":"px","size":""},"content_typography_font_size_mobile":{"unit":"px","size":""},"content_typography_line_height_tablet":{"unit":"em","size":""},"content_typography_line_height_mobile":{"unit":"em","size":""},"content_typography_letter_spacing_tablet":{"unit":"px","size":""},"content_typography_letter_spacing_mobile":{"unit":"px","size":""},"name_typography_font_size_tablet":{"unit":"px","size":""},"name_typography_font_size_mobile":{"unit":"px","size":""},"name_typography_line_height_tablet":{"unit":"em","size":""},"name_typography_line_height_mobile":{"unit":"em","size":""},"name_typography_letter_spacing_tablet":{"unit":"px","size":""},"name_typography_letter_spacing_mobile":{"unit":"px","size":""},"job_typography_font_size_tablet":{"unit":"px","size":""},"job_typography_font_size_mobile":{"unit":"px","size":""},"job_typography_line_height_tablet":{"unit":"em","size":""},"job_typography_line_height_mobile":{"unit":"em","size":""},"job_typography_letter_spacing_tablet":{"unit":"px","size":""},"job_typography_letter_spacing_mobile":{"unit":"px","size":""}},"elements":[],"isInner":false,"widgetType":"testimonial","elType":"widget"}],"isInner":"","elType":"column"}],"isInner":"","elType":"section"},{"id":"3f15664a","settings":{"section_layout":"","content_width":{"unit":"px","size":"940"},"gap":"no","custom_height":{"unit":"px","size":"400"},"section_style":"","background_background":"classic","background_color":"#eeeeee","section_typo":"","section_advanced":"","padding":{"unit":"px","top":"90","right":"0","bottom":"100","left":"0","isLinked":""},"_section_responsive":"","responsive_description":"","section_structure":"","section_background":"","background_overlay_title":"","background_overlay_opacity":{"unit":"px","size":"0.5"},"section_border":"","box_shadow_box_shadow":{"horizontal":"0","vertical":"0","blur":"10","spread":"0","inset":"","color":"rgba(0,0,0,0.5)"},"padding_mobile":{"unit":"px","top":"0","right":"0","bottom":"0","left":"0","isLinked":""},"heading_visibility":"","_title":"breakfast"},"elements":[{"id":"3871ed08","settings":{"_column_size":"100","section_style":"","section_typo":"","section_advanced":"","section_responsive":"","screen_sm":"default","screen_sm_width":"100","screen_xs":"default","screen_xs_width":"100","box_shadow_box_shadow":{"horizontal":"0","vertical":"0","blur":"10","spread":"0","inset":"","color":"rgba(0,0,0,0.5)"}},"elements":[{"id":"1606955c","settings":{"section_layout":"","content_width":{"unit":"px","size":"940"},"gap":"no","custom_height_inner":{"unit":"px","size":"400"},"content_position":"middle","section_style":"","section_typo":"","section_advanced":"","margin":{"unit":"px","top":"","right":"0","bottom":"","left":"0","isLinked":"1"},"_section_responsive":"","responsive_description":"","section_structure":"","structure":"20","section_background":"","background_overlay_title":"","background_overlay_opacity":{"unit":"px","size":"0.5"},"section_border":"","box_shadow_box_shadow":{"horizontal":"0","vertical":"0","blur":"10","spread":"0","inset":"","color":"rgba(0,0,0,0.5)"},"heading_visibility":""},"elements":[{"id":"1db3d4b6","settings":{"_column_size":"50","section_style":"","background_background":"classic","background_color":"#ffffff","section_typo":"","text_align":"center","section_advanced":"","padding":{"unit":"%","top":"0","right":"12","bottom":"0","left":"12","isLinked":""},"section_responsive":"","screen_sm":"default","screen_sm_width":"100","screen_xs":"default","screen_xs_width":"100","box_shadow_box_shadow":{"horizontal":"0","vertical":"0","blur":"10","spread":"0","inset":"","color":"rgba(0,0,0,0.5)"},"padding_mobile":{"unit":"px","top":"50","right":"30","bottom":"50","left":"30","isLinked":""}},"elements":[{"id":"18136aa9","settings":{"section_title":"","title":"CUPCAKE PRESENTATION BOXES\n","link":{"is_external":"","url":""},"size":"large","header_size":"h3","section_title_style":"","title_color":"#dfc15e","typography_typography":"custom","typography_font_size":{"unit":"px","size":"24"},"typography_font_family":"Ovo","typography_text_transform":"uppercase","typography_line_height":{"unit":"em","size":""},"typography_letter_spacing":{"unit":"px","size":""},"_section_style":"","_section_responsive":"","responsive_description":"","_section_background":"","_box_shadow_box_shadow":{"horizontal":"0","vertical":"0","blur":"10","spread":"0","inset":"","color":"rgba(0,0,0,0.5)"},"typography_font_size_tablet":{"unit":"px","size":""},"typography_font_size_mobile":{"unit":"px","size":""},"typography_line_height_tablet":{"unit":"em","size":""},"typography_line_height_mobile":{"unit":"em","size":""},"typography_letter_spacing_tablet":{"unit":"px","size":""},"typography_letter_spacing_mobile":{"unit":"px","size":""}},"elements":[],"isInner":false,"widgetType":"heading","elType":"widget"},{"id":"5c8642b9","settings":{"section_editor":"","editor":"<p>We\u2019re very excited that our Google Ad is now live! Such a fun experience and we were all stars for the day\u2026<\/p>","section_style":"","text_color":"#a3a3a3","typography_font_size":{"unit":"px","size":"15"},"typography_line_height":{"unit":"em","size":""},"typography_letter_spacing":{"unit":"px","size":""},"_section_style":"","_section_responsive":"","responsive_description":"","_section_background":"","_box_shadow_box_shadow":{"horizontal":"0","vertical":"0","blur":"10","spread":"0","inset":"","color":"rgba(0,0,0,0.5)"},"typography_font_size_tablet":{"unit":"px","size":""},"typography_font_size_mobile":{"unit":"px","size":""},"typography_line_height_tablet":{"unit":"em","size":""},"typography_line_height_mobile":{"unit":"em","size":""},"typography_letter_spacing_tablet":{"unit":"px","size":""},"typography_letter_spacing_mobile":{"unit":"px","size":""}},"elements":[],"isInner":false,"widgetType":"text-editor","elType":"widget"}],"isInner":"1","elType":"column"},{"id":"5f3f043a","settings":{"_column_size":"50","section_style":"","background_background":"classic","background_image":{"id":"53","url":"http:\/\/127.0.0.1\/wordpress\/wp-content\/uploads\/2021\/01\/foodiesfeed.com_homemade-waffles-with-coffee.jpg"},"background_position":"center center","background_repeat":"no-repeat","background_size":"cover","section_typo":"","section_advanced":"","section_responsive":"","screen_sm":"default","screen_sm_width":"50","screen_xs":"default","screen_xs_width":"100","box_shadow_box_shadow":{"horizontal":"0","vertical":"0","blur":"10","spread":"0","inset":"","color":"rgba(0,0,0,0.5)"},"padding_mobile":{"unit":"px","top":"0","right":"0","bottom":"0","left":"0","isLinked":""}},"elements":[{"id":"5ff987f6","settings":{"image":{"url":"http:\/\/127.0.0.1\/wordpress\/wp-content\/uploads\/2021\/01\/cupcake-Presentation-Box-Bespoke-Design-1.jpg","id":222}},"elements":[],"isInner":false,"widgetType":"image","elType":"widget"}],"isInner":"1","elType":"column"}],"isInner":"1","elType":"section"},{"id":"69c878a7","settings":{"section_layout":"","content_width":{"unit":"px","size":"940"},"gap":"no","custom_height_inner":{"unit":"px","size":"400"},"content_position":"middle","section_style":"","section_typo":"","section_advanced":"","margin":{"unit":"px","top":"","right":"0","bottom":"","left":"0","isLinked":"1"},"_section_responsive":"","responsive_description":"","section_structure":"","section_background":"","background_overlay_title":"","background_overlay_opacity":{"unit":"px","size":"0.5"},"section_border":"","box_shadow_box_shadow":{"horizontal":"0","vertical":"0","blur":"10","spread":"0","inset":"","color":"rgba(0,0,0,0.5)"},"padding_mobile":{"unit":"px","top":"100","right":"0","bottom":"0","left":"0","isLinked":""},"reverse_order_mobile":"reverse-mobile","heading_visibility":""},"elements":[{"id":"33df3677","settings":{"_column_size":100,"section_style":"","background_background":"classic","background_color":"#ffffff","section_typo":"","text_align":"center","section_advanced":"","padding":{"unit":"%","top":"0","right":"12","bottom":"0","left":"12","isLinked":""},"section_responsive":"","screen_sm":"default","screen_sm_width":"50","screen_xs":"default","screen_xs_width":"100","box_shadow_box_shadow":{"horizontal":"0","vertical":"0","blur":"10","spread":"0","inset":"","color":"rgba(0,0,0,0.5)"},"padding_mobile":{"unit":"px","top":"50","right":"30","bottom":"50","left":"30","isLinked":""},"_inline_size":null},"elements":[{"id":"550eee3b","settings":{"section_title":"","title":"The renaissance of local food businesses","link":{"is_external":"","url":""},"size":"large","header_size":"h3","section_title_style":"","title_color":"#dfc15e","typography_typography":"custom","typography_font_size":{"unit":"px","size":"24"},"typography_font_family":"Ovo","typography_text_transform":"uppercase","typography_line_height":{"unit":"em","size":""},"typography_letter_spacing":{"unit":"px","size":""},"_section_style":"","_section_responsive":"","responsive_description":"","_section_background":"","_box_shadow_box_shadow":{"horizontal":"0","vertical":"0","blur":"10","spread":"0","inset":"","color":"rgba(0,0,0,0.5)"},"typography_font_size_tablet":{"unit":"px","size":""},"typography_font_size_mobile":{"unit":"px","size":""},"typography_line_height_tablet":{"unit":"em","size":""},"typography_line_height_mobile":{"unit":"em","size":""},"typography_letter_spacing_tablet":{"unit":"px","size":""},"typography_letter_spacing_mobile":{"unit":"px","size":""}},"elements":[],"isInner":false,"widgetType":"heading","elType":"widget"},{"id":"67a9eeb2","settings":{"section_editor":"","editor":"<p>yahoo! Finance picks up on an emerging trend- independent food shops are breathing life into the high street.<\/p><p>A survey by simply business has found that the number of independent food shops popping up on the High Street has increased by 18%. And we are two of them<\/p>","section_style":"","text_color":"#a3a3a3","typography_font_size":{"unit":"px","size":"15"},"typography_line_height":{"unit":"em","size":""},"typography_letter_spacing":{"unit":"px","size":""},"_section_style":"","_section_responsive":"","responsive_description":"","_section_background":"","_box_shadow_box_shadow":{"horizontal":"0","vertical":"0","blur":"10","spread":"0","inset":"","color":"rgba(0,0,0,0.5)"},"typography_font_size_tablet":{"unit":"px","size":""},"typography_font_size_mobile":{"unit":"px","size":""},"typography_line_height_tablet":{"unit":"em","size":""},"typography_line_height_mobile":{"unit":"em","size":""},"typography_letter_spacing_tablet":{"unit":"px","size":""},"typography_letter_spacing_mobile":{"unit":"px","size":""}},"elements":[],"isInner":false,"widgetType":"text-editor","elType":"widget"}],"isInner":"1","elType":"column"}],"isInner":"1","elType":"section"},{"id":"52b31f74","settings":{"section_layout":"","content_width":{"unit":"px","size":"940"},"gap":"no","custom_height_inner":{"unit":"px","size":"400"},"content_position":"middle","section_style":"","section_typo":"","section_advanced":"","margin":{"unit":"px","top":"","right":"0","bottom":"","left":"0","isLinked":"1"},"_section_responsive":"","responsive_description":"","section_structure":"","structure":"20","section_background":"","background_overlay_title":"","background_overlay_opacity":{"unit":"px","size":"0.5"},"section_border":"","box_shadow_box_shadow":{"horizontal":"0","vertical":"0","blur":"10","spread":"0","inset":"","color":"rgba(0,0,0,0.5)"},"padding_mobile":{"unit":"px","top":"100","right":"0","bottom":"0","left":"0","isLinked":""},"heading_visibility":""},"elements":[{"id":"797fcca","settings":{"_column_size":"50","section_style":"","background_background":"classic","background_color":"#ffffff","section_typo":"","text_align":"center","section_advanced":"","padding":{"unit":"%","top":"0","right":"12","bottom":"0","left":"12","isLinked":""},"section_responsive":"","screen_sm":"default","screen_sm_width":"50","screen_xs":"default","screen_xs_width":"100","box_shadow_box_shadow":{"horizontal":"0","vertical":"0","blur":"10","spread":"0","inset":"","color":"rgba(0,0,0,0.5)"},"padding_mobile":{"unit":"px","top":"50","right":"30","bottom":"30","left":"30","isLinked":""}},"elements":[{"id":"11438938","settings":{"section_title":"","title":"WELCOME TO THE CUPCAKE SHOP","link":{"is_external":"","url":""},"size":"large","header_size":"h3","section_title_style":"","title_color":"#dfc15e","typography_typography":"custom","typography_font_size":{"unit":"px","size":"24"},"typography_font_family":"Ovo","typography_text_transform":"uppercase","typography_line_height":{"unit":"em","size":""},"typography_letter_spacing":{"unit":"px","size":""},"_section_style":"","_section_responsive":"","responsive_description":"","_section_background":"","_box_shadow_box_shadow":{"horizontal":"0","vertical":"0","blur":"10","spread":"0","inset":"","color":"rgba(0,0,0,0.5)"},"typography_font_size_tablet":{"unit":"px","size":""},"typography_font_size_mobile":{"unit":"px","size":""},"typography_line_height_tablet":{"unit":"em","size":""},"typography_line_height_mobile":{"unit":"em","size":""},"typography_letter_spacing_tablet":{"unit":"px","size":""},"typography_letter_spacing_mobile":{"unit":"px","size":""}},"elements":[],"isInner":false,"widgetType":"heading","elType":"widget"},{"id":"537a751a","settings":{"section_editor":"","editor":"<p>Come on in and have a browse! All cupcakes delivered by Vidya's Kitchen arrive in a presentation box, tied with a ribbon and a menu card is included. To make choosing your selection easier you can browse by occasion or by flavour, if you\u2019re looking to choose the flavours yourself try our <span style=\"text-decoration: underline;\">Fill Your Own<\/span> option or if you\u2019d like a personalised message click on <span style=\"text-decoration: underline;\">Say It With Cupcakes<\/span> or <span style=\"text-decoration: underline;\">Photo Cupcakes<\/span>...<\/p>","section_style":"","text_color":"#a3a3a3","typography_font_size":{"unit":"px","size":"15"},"typography_line_height":{"unit":"em","size":""},"typography_letter_spacing":{"unit":"px","size":""},"_section_style":"","_section_responsive":"","responsive_description":"","_section_background":"","_box_shadow_box_shadow":{"horizontal":"0","vertical":"0","blur":"10","spread":"0","inset":"","color":"rgba(0,0,0,0.5)"},"typography_font_size_tablet":{"unit":"px","size":""},"typography_font_size_mobile":{"unit":"px","size":""},"typography_line_height_tablet":{"unit":"em","size":""},"typography_line_height_mobile":{"unit":"em","size":""},"typography_letter_spacing_tablet":{"unit":"px","size":""},"typography_letter_spacing_mobile":{"unit":"px","size":""}},"elements":[],"isInner":false,"widgetType":"text-editor","elType":"widget"}],"isInner":"1","elType":"column"},{"id":"5c70246e","settings":{"_column_size":"50","section_style":"","section_typo":"","section_advanced":"","section_responsive":"","screen_sm":"default","screen_sm_width":"50","screen_xs":"default","screen_xs_width":"100","box_shadow_box_shadow":{"horizontal":"0","vertical":"0","blur":"10","spread":"0","inset":"","color":"rgba(0,0,0,0.5)"}},"elements":[{"id":"45325aed","settings":{"image":{"url":"http:\/\/127.0.0.1\/wordpress\/wp-content\/uploads\/2021\/01\/cafe-1.jpg","id":223}},"elements":[],"isInner":false,"widgetType":"image","elType":"widget"}],"isInner":"1","elType":"column"}],"isInner":"1","elType":"section"}],"isInner":"","elType":"column"}],"isInner":"","elType":"section"},{"id":"8d6d93","settings":{"section_layout":"","content_width":{"unit":"px","size":"940"},"custom_height":{"unit":"px","size":"400"},"content_position":"middle","section_style":"","background_background":"classic","background_image":{"id":"47","url":"http:\/\/127.0.0.1\/wordpress\/wp-content\/uploads\/2021\/01\/foodiesfeed.com_meanwhile-in-the-kitchen-1.jpg"},"background_position":"center center","background_attachment":"fixed","background_repeat":"no-repeat","background_size":"cover","section_typo":"","text_align":"center","section_advanced":"","padding":{"unit":"px","top":"80","right":"0","bottom":"80","left":"0","isLinked":""},"_section_responsive":"","responsive_description":"","section_structure":"","section_background":"","background_overlay_title":"","background_overlay_background":"classic","background_overlay_color":"#000000","background_overlay_opacity":{"unit":"px","size":"0.75"},"section_border":"","box_shadow_box_shadow":{"horizontal":"0","vertical":"0","blur":"10","spread":"0","inset":"","color":"rgba(0,0,0,0.5)"},"heading_visibility":"","_title":"our sweets2"},"elements":[{"id":"6f3701a7","settings":{"_column_size":"100","section_style":"","section_typo":"","section_advanced":"","section_responsive":"","screen_sm":"default","screen_sm_width":"100","screen_xs":"default","screen_xs_width":"100","box_shadow_box_shadow":{"horizontal":"0","vertical":"0","blur":"10","spread":"0","inset":"","color":"rgba(0,0,0,0.5)"}},"elements":[{"id":"5b320eb2","settings":{"section_title":"","title":"Our Cupcakes Collection","link":{"is_external":"","url":""},"size":"large","align":"center","section_title_style":"","title_color":"#dfc15e","typography_typography":"custom","typography_font_size":{"unit":"px","size":"50"},"typography_font_family":"Shadows Into Light","typography_line_height":{"unit":"em","size":""},"typography_letter_spacing":{"unit":"px","size":""},"_section_style":"","_section_responsive":"","responsive_description":"","_section_background":"","_box_shadow_box_shadow":{"horizontal":"0","vertical":"0","blur":"10","spread":"0","inset":"","color":"rgba(0,0,0,0.5)"},"typography_font_size_tablet":{"unit":"px","size":""},"typography_font_size_mobile":{"unit":"px","size":""},"typography_line_height_tablet":{"unit":"em","size":""},"typography_line_height_mobile":{"unit":"em","size":""},"typography_letter_spacing_tablet":{"unit":"px","size":""},"typography_letter_spacing_mobile":{"unit":"px","size":""}},"elements":[],"isInner":false,"widgetType":"heading","elType":"widget"},{"id":"599fd8de","settings":{"section_editor":"","editor":"<p>The best way to experience our wide collection of cupcakes is to visit the store. Follow the aromas and choose the most enticing cupcakes to satisfy your box.<\/p>","section_style":"","text_color":"#bababa","typography_typography":"custom","typography_font_size":{"unit":"px","size":"17"},"typography_line_height":{"unit":"em","size":""},"typography_letter_spacing":{"unit":"px","size":""},"_section_style":"","_padding":{"unit":"%","top":"0","right":"16","bottom":"0","left":"16","isLinked":""},"_section_responsive":"","responsive_description":"","_section_background":"","_box_shadow_box_shadow":{"horizontal":"0","vertical":"0","blur":"10","spread":"0","inset":"","color":"rgba(0,0,0,0.5)"},"typography_font_size_tablet":{"unit":"px","size":""},"typography_font_size_mobile":{"unit":"px","size":""},"typography_line_height_tablet":{"unit":"em","size":""},"typography_line_height_mobile":{"unit":"em","size":""},"typography_letter_spacing_tablet":{"unit":"px","size":""},"typography_letter_spacing_mobile":{"unit":"px","size":""}},"elements":[],"isInner":false,"widgetType":"text-editor","elType":"widget"},{"id":"d0ecb1","settings":{"section_spacer":"","space":{"unit":"px","size":"25"},"_section_style":"","_section_responsive":"","responsive_description":"","_section_background":"","_box_shadow_box_shadow":{"horizontal":"0","vertical":"0","blur":"10","spread":"0","inset":"","color":"rgba(0,0,0,0.5)"}},"elements":[],"isInner":false,"widgetType":"spacer","elType":"widget"},{"id":"423b51a2","settings":{"carousel":[{"id":78,"url":"http:\/\/127.0.0.1\/wordpress\/wp-content\/uploads\/2021\/01\/anniversary.jpg"},{"id":81,"url":"http:\/\/127.0.0.1\/wordpress\/wp-content\/uploads\/2021\/01\/cngrts.jpg"},{"id":82,"url":"http:\/\/127.0.0.1\/wordpress\/wp-content\/uploads\/2021\/01\/coffee-cupcks-salted-carmel.jpg"},{"id":171,"url":"http:\/\/127.0.0.1\/wordpress\/wp-content\/uploads\/2021\/01\/roses.jpg"},{"id":179,"url":"http:\/\/127.0.0.1\/wordpress\/wp-content\/uploads\/2021\/01\/vanilla-chocolate-cupcake-150x150-1.jpg"}],"thumbnail_size":"custom","thumbnail_custom_dimension":{"width":"400","height":"250"},"slides_to_show":"3","slides_to_scroll":"2","navigation":"arrows","autoplay":"no","pause_on_hover":"no","pause_on_interaction":"no","autoplay_speed":500,"speed":1000,"arrows_position":"outside","arrows_size":{"unit":"px","size":21,"sizes":[]},"image_spacing":"custom","image_border_radius":{"unit":"px","top":"6","right":"6","bottom":"6","left":"6","isLinked":true}},"elements":[],"isInner":false,"widgetType":"image-carousel","elType":"widget"},{"id":"4312b19f","settings":{"section_spacer":"","space":{"unit":"px","size":"25"},"_section_style":"","_section_responsive":"","responsive_description":"","_section_background":"","_box_shadow_box_shadow":{"horizontal":"0","vertical":"0","blur":"10","spread":"0","inset":"","color":"rgba(0,0,0,0.5)"}},"elements":[],"isInner":false,"widgetType":"spacer","elType":"widget"},{"id":"4d92ba09","settings":{"section_button":"","text":"More CUpcakes","link":{"is_external":"","url":"http:\/\/127.0.0.1\/wordpress\/by-flavour\/"},"align":"center","icon":"","icon_indent":{"unit":"px","size":""},"section_style":"","button_text_color":"#dfc15e","typography_typography":"custom","typography_font_size":{"unit":"px","size":"13"},"typography_font_family":"Roboto","typography_font_weight":"600","typography_text_transform":"uppercase","typography_line_height":{"unit":"em","size":"1"},"typography_letter_spacing":{"unit":"px","size":""},"background_color":"rgba(223,193,94,0)","border_border":"solid","border_width":{"unit":"px","top":"2","right":"2","bottom":"2","left":"2","isLinked":"1"},"border_radius":{"unit":"px","top":"50","right":"50","bottom":"50","left":"50","isLinked":"1"},"section_hover":"","hover_color":"#ffffff","button_background_hover_color":"#dfc15e","button_hover_border_color":"#dfc15e","_section_style":"","_section_responsive":"","responsive_description":"","_section_background":"","_box_shadow_box_shadow":{"horizontal":"0","vertical":"0","blur":"10","spread":"0","inset":"","color":"rgba(0,0,0,0.5)"},"typography_font_size_tablet":{"unit":"px","size":""},"typography_font_size_mobile":{"unit":"px","size":""},"typography_line_height_tablet":{"unit":"em","size":""},"typography_line_height_mobile":{"unit":"em","size":""},"typography_letter_spacing_tablet":{"unit":"px","size":""},"typography_letter_spacing_mobile":{"unit":"px","size":""}},"elements":[],"isInner":false,"widgetType":"button","elType":"widget"}],"isInner":"","elType":"column"}],"isInner":"","elType":"section"},{"id":"683792dc","settings":{"section_layout":"","content_width":{"unit":"px","size":"940"},"custom_height":{"unit":"px","size":"400"},"content_position":"middle","section_style":"","section_typo":"","section_advanced":"","padding":{"unit":"px","top":"100","right":"0","bottom":"100","left":"0","isLinked":""},"_section_responsive":"","responsive_description":"","section_structure":"","structure":"20","section_background":"","background_overlay_title":"","background_overlay_opacity":{"unit":"px","size":"0.5"},"section_border":"","box_shadow_box_shadow":{"horizontal":"0","vertical":"0","blur":"10","spread":"0","inset":"","color":"rgba(0,0,0,0.5)"},"padding_tablet":{"unit":"px","top":"50","right":"0","bottom":"0","left":"50","isLinked":""},"padding_mobile":{"unit":"px","top":"80","right":"0","bottom":"0","left":"0","isLinked":""},"heading_visibility":"","_title":"visit us"},"elements":[{"id":"6a77ad8c","settings":{"_column_size":"50","_inline_size":"50.000","section_style":"","section_typo":"","section_advanced":"","padding":{"unit":"px","top":"0","right":"80","bottom":"0","left":"0","isLinked":""},"section_responsive":"","screen_sm":"default","screen_sm_width":"100","screen_xs":"default","screen_xs_width":"100","box_shadow_box_shadow":{"horizontal":"0","vertical":"0","blur":"10","spread":"0","inset":"","color":"rgba(0,0,0,0.5)"},"margin_mobile":{"unit":"px","top":"0","right":"0","bottom":"0","left":"0","isLinked":"1"},"padding_mobile":{"unit":"px","top":"0","right":"0","bottom":"0","left":"0","isLinked":"1"}},"elements":[{"id":"683de1cf","settings":{"section_title":"","title":"CUPCAKE INSPIRATION\u2026","link":{"is_external":"","url":""},"size":"large","section_title_style":"","title_color":"#dfc15e","typography_typography":"custom","typography_font_size":{"unit":"px","size":"54"},"typography_font_family":"Ovo","typography_text_transform":"uppercase","typography_line_height":{"unit":"em","size":""},"typography_letter_spacing":{"unit":"px","size":"-2"},"_section_style":"","_section_responsive":"","responsive_description":"","_section_background":"","_box_shadow_box_shadow":{"horizontal":"0","vertical":"0","blur":"10","spread":"0","inset":"","color":"rgba(0,0,0,0.5)"},"align_mobile":"center","typography_font_size_tablet":{"unit":"px","size":"45"},"typography_font_size_mobile":{"unit":"px","size":"32"},"typography_line_height_tablet":{"unit":"em","size":""},"typography_line_height_mobile":{"unit":"em","size":""},"typography_letter_spacing_tablet":{"unit":"px","size":""},"typography_letter_spacing_mobile":{"unit":"px","size":""}},"elements":[],"isInner":false,"widgetType":"heading","elType":"widget"},{"id":"2df565cc","settings":{"title":"Not sure what flavour to pick? Check out our selection boxes of complementary flavours or browse by Occasion. Our Lucky Dip includes a selection of our most popular flavours. Want something more personal? You can have your cupcakes personalised with our Say it with Cupcakes service or our Photo Cupcakes service.\n\nYou can even add some Little Extras to make your gift extra special","header_size":"h6","title_color":"#2F373AC2"},"elements":[],"isInner":false,"widgetType":"heading","elType":"widget"}],"isInner":"","elType":"column"},{"id":"4d20f0dd","settings":{"_column_size":"50","_inline_size":"50.000","section_style":"","section_typo":"","section_advanced":"","section_responsive":"","screen_sm":"default","screen_sm_width":"100","screen_xs":"default","screen_xs_width":"100","box_shadow_box_shadow":{"horizontal":"0","vertical":"0","blur":"10","spread":"0","inset":"","color":"rgba(0,0,0,0.5)"}},"elements":[{"id":"5bcd2799","settings":{"image":{"url":"http:\/\/127.0.0.1\/wordpress\/wp-content\/uploads\/2021\/01\/Vanilla-Cupcakes-with-Vanilla-Swiss-Meringue-SQ.jpg","id":71}},"elements":[],"isInner":false,"widgetType":"image","elType":"widget"}],"isInner":"","elType":"column"}],"isInner":"","elType":"section"},{"id":"2a0cdda8","settings":{"section_layout":"","content_width":{"unit":"px","size":"1140"},"custom_height":{"unit":"px","size":"400"},"section_background":"","background_overlay_title":"","background_overlay_opacity":{"unit":"px","size":"0.5"},"section_border":"","box_shadow_box_shadow":{"horizontal":"0","vertical":"0","blur":"10","spread":"0","inset":"","color":"rgba(0,0,0,0.5)"},"section_typo":"","section_advanced":"","_section_responsive":"","responsive_description":"","heading_visibility":"","_title":"image source"},"elements":[{"id":"7ac0ac0f","settings":{"_column_size":"100","section_style":"","box_shadow_box_shadow":{"horizontal":"0","vertical":"0","blur":"10","spread":"0","inset":"","color":"rgba(0,0,0,0.5)"},"section_typo":"","section_advanced":"","section_responsive":"","screen_sm":"default","screen_sm_width":"100","screen_xs":"default","screen_xs_width":"100"},"elements":[],"isInner":"","elType":"column"}],"isInner":"","elType":"section"}]}